State,Country,Date,Cases,Cases Per Capita,Deaths,Deaths Per Capita
,Belgium,2020-01-22,0,0.000000e+00,0,0.000000e+00
,Belgium,2020-01-23,0,0.000000e+00,0,0.000000e+00
,Belgium,2020-01-24,0,0.000000e+00,0,0.000000e+00
,Belgium,2020-01-25,0,0.000000e+00,0,0.000000e+00
,Belgium,2020-01-26,0,0.000000e+00,0,0.000000e+00
,Belgium,2020-01-27,0,0.000000e+00,0,0.000000e+00
,Belgium,2020-01-28,0,0.000000e+00,0,0.000000e+00
,Belgium,2020-01-29,0,0.000000e+00,0,0.000000e+00
,Belgium,2020-01-30,0,0.000000e+00,0,0.000000e+00
,Belgium,2020-01-31,0,0.000000e+00,0,0.000000e+00
,Belgium,2020-02-01,0,0.000000e+00,0,0.000000e+00
,Belgium,2020-02-02,0,0.000000e+00,0,0.000000e+00
,Belgium,2020-02-03,0,0.000000e+00,0,0.000000e+00
,Belgium,2020-02-04,1,8.677201e-08,0,0.000000e+00
,Belgium,2020-02-05,1,8.677201e-08,0,0.000000e+00
,Belgium,2020-02-06,1,8.677201e-08,0,0.000000e+00
,Belgium,2020-02-07,1,8.677201e-08,0,0.000000e+00
,Belgium,2020-02-08,1,8.677201e-08,0,0.000000e+00
,Belgium,2020-02-09,1,8.677201e-08,0,0.000000e+00
,Belgium,2020-02-10,1,8.677201e-08,0,0.000000e+00
,Belgium,2020-02-11,1,8.677201e-08,0,0.000000e+00
,Belgium,2020-02-12,1,8.677201e-08,0,0.000000e+00
,Belgium,2020-02-13,1,8.677201e-08,0,0.000000e+00
,Belgium,2020-02-14,1,8.677201e-08,0,0.000000e+00
,Belgium,2020-02-15,1,8.677201e-08,0,0.000000e+00
,Belgium,2020-02-16,1,8.677201e-08,0,0.000000e+00
,Belgium,2020-02-17,1,8.677201e-08,0,0.000000e+00
,Belgium,2020-02-18,1,8.677201e-08,0,0.000000e+00
,Belgium,2020-02-19,1,8.677201e-08,0,0.000000e+00
,Belgium,2020-02-20,1,8.677201e-08,0,0.000000e+00
,Belgium,2020-02-21,1,8.677201e-08,0,0.000000e+00
,Belgium,2020-02-22,1,8.677201e-08,0,0.000000e+00
,Belgium,2020-02-23,1,8.677201e-08,0,0.000000e+00
,Belgium,2020-02-24,1,8.677201e-08,0,0.000000e+00
,Belgium,2020-02-25,1,8.677201e-08,0,0.000000e+00
,Belgium,2020-02-26,1,8.677201e-08,0,0.000000e+00
,Belgium,2020-02-27,1,8.677201e-08,0,0.000000e+00
,Belgium,2020-02-28,1,8.677201e-08,0,0.000000e+00
,Belgium,2020-02-29,1,8.677201e-08,0,0.000000e+00
,Belgium,2020-03-01,2,1.735440e-07,0,0.000000e+00
,Belgium,2020-03-02,8,6.941761e-07,0,0.000000e+00
,Belgium,2020-03-03,13,1.128036e-06,0,0.000000e+00
,Belgium,2020-03-04,23,1.995756e-06,0,0.000000e+00
,Belgium,2020-03-05,50,4.338600e-06,0,0.000000e+00
,Belgium,2020-03-06,109,9.458149e-06,0,0.000000e+00
,Belgium,2020-03-07,169,1.466447e-05,0,0.000000e+00
,Belgium,2020-03-08,200,1.735440e-05,0,0.000000e+00
,Belgium,2020-03-09,239,2.073851e-05,0,0.000000e+00
,Belgium,2020-03-10,267,2.316813e-05,0,0.000000e+00
,Belgium,2020-03-11,314,2.724641e-05,3,2.603160e-07
,Belgium,2020-03-12,314,2.724641e-05,3,2.603160e-07
,Belgium,2020-03-13,559,4.850555e-05,3,2.603160e-07
,Belgium,2020-03-14,689,5.978591e-05,4,3.470880e-07
,Belgium,2020-03-15,886,7.688000e-05,4,3.470880e-07
,Belgium,2020-03-16,1058,9.180478e-05,5,4.338600e-07
,Belgium,2020-03-17,1243,1.078576e-04,10,8.677201e-07
,Belgium,2020-03-18,1486,1.289432e-04,14,1.214808e-06
,Belgium,2020-03-19,1795,1.557558e-04,21,1.822212e-06
,Belgium,2020-03-20,2257,1.958444e-04,37,3.210564e-06
,Belgium,2020-03-21,2815,2.442632e-04,67,5.813724e-06
,Belgium,2020-03-22,3401,2.951116e-04,75,6.507901e-06
,Belgium,2020-03-23,3743,3.247876e-04,88,7.635937e-06
,Belgium,2020-03-24,4269,3.704297e-04,122,1.058618e-05
,Belgium,2020-03-25,4937,4.283934e-04,178,1.544542e-05
,Belgium,2020-03-26,6235,5.410235e-04,220,1.908984e-05
,Belgium,2020-03-27,7284,6.320473e-04,289,2.507711e-05
,Belgium,2020-03-28,9134,7.925755e-04,353,3.063052e-05
,Belgium,2020-03-29,10836,9.402615e-04,431,3.739873e-05
,Britain,2020-01-22,0,0.000000e+00,0,0.000000e+00
,Britain,2020-01-23,0,0.000000e+00,0,0.000000e+00
,Britain,2020-01-24,0,0.000000e+00,0,0.000000e+00
,Britain,2020-01-25,0,0.000000e+00,0,0.000000e+00
,Britain,2020-01-26,0,0.000000e+00,0,0.000000e+00
,Britain,2020-01-27,0,0.000000e+00,0,0.000000e+00
,Britain,2020-01-28,0,0.000000e+00,0,0.000000e+00
,Britain,2020-01-29,0,0.000000e+00,0,0.000000e+00
,Britain,2020-01-30,0,0.000000e+00,0,0.000000e+00
,Britain,2020-01-31,2,3.135288e-08,0,0.000000e+00
,Britain,2020-02-01,2,3.135288e-08,0,0.000000e+00
,Britain,2020-02-02,2,3.135288e-08,0,0.000000e+00
,Britain,2020-02-03,2,3.135288e-08,0,0.000000e+00
,Britain,2020-02-04,2,3.135288e-08,0,0.000000e+00
,Britain,2020-02-05,2,3.135288e-08,0,0.000000e+00
,Britain,2020-02-06,2,3.135288e-08,0,0.000000e+00
,Britain,2020-02-07,3,4.702931e-08,0,0.000000e+00
,Britain,2020-02-08,3,4.702931e-08,0,0.000000e+00
,Britain,2020-02-09,3,4.702931e-08,0,0.000000e+00
,Britain,2020-02-10,8,1.254115e-07,0,0.000000e+00
,Britain,2020-02-11,8,1.254115e-07,0,0.000000e+00
,Britain,2020-02-12,9,1.410879e-07,0,0.000000e+00
,Britain,2020-02-13,9,1.410879e-07,0,0.000000e+00
,Britain,2020-02-14,9,1.410879e-07,0,0.000000e+00
,Britain,2020-02-15,9,1.410879e-07,0,0.000000e+00
,Britain,2020-02-16,9,1.410879e-07,0,0.000000e+00
,Britain,2020-02-17,9,1.410879e-07,0,0.000000e+00
,Britain,2020-02-18,9,1.410879e-07,0,0.000000e+00
,Britain,2020-02-19,9,1.410879e-07,0,0.000000e+00
,Britain,2020-02-20,9,1.410879e-07,0,0.000000e+00
,Britain,2020-02-21,9,1.410879e-07,0,0.000000e+00
,Britain,2020-02-22,9,1.410879e-07,0,0.000000e+00
,Britain,2020-02-23,9,1.410879e-07,0,0.000000e+00
,Britain,2020-02-24,13,2.037937e-07,0,0.000000e+00
,Britain,2020-02-25,13,2.037937e-07,0,0.000000e+00
,Britain,2020-02-26,13,2.037937e-07,0,0.000000e+00
,Britain,2020-02-27,15,2.351466e-07,0,0.000000e+00
,Britain,2020-02-28,20,3.135288e-07,0,0.000000e+00
,Britain,2020-02-29,23,3.605581e-07,0,0.000000e+00
,Britain,2020-03-01,36,5.643518e-07,0,0.000000e+00
,Britain,2020-03-02,40,6.270575e-07,0,0.000000e+00
,Britain,2020-03-03,51,7.994984e-07,0,0.000000e+00
,Britain,2020-03-04,86,1.348174e-06,0,0.000000e+00
,Britain,2020-03-05,116,1.818467e-06,1,1.567644e-08
,Britain,2020-03-06,164,2.570936e-06,2,3.135288e-08
,Britain,2020-03-07,207,3.245023e-06,2,3.135288e-08
,Britain,2020-03-08,274,4.295344e-06,3,4.702931e-08
,Britain,2020-03-09,322,5.047813e-06,4,6.270575e-08
,Britain,2020-03-10,384,6.019752e-06,6,9.405863e-08
,Britain,2020-03-11,459,7.195485e-06,8,1.254115e-07
,Britain,2020-03-12,459,7.195485e-06,8,1.254115e-07
,Britain,2020-03-13,802,1.257250e-05,8,1.254115e-07
,Britain,2020-03-14,1144,1.793385e-05,21,3.292052e-07
,Britain,2020-03-15,1145,1.794952e-05,21,3.292052e-07
,Britain,2020-03-16,1551,2.431416e-05,56,8.778805e-07
,Britain,2020-03-17,1960,3.072582e-05,56,8.778805e-07
,Britain,2020-03-18,2642,4.141715e-05,72,1.128704e-06
,Britain,2020-03-19,2716,4.257721e-05,138,2.163348e-06
,Britain,2020-03-20,4014,6.292522e-05,178,2.790406e-06
,Britain,2020-03-21,5067,7.943251e-05,234,3.668287e-06
,Britain,2020-03-22,5745,9.006114e-05,282,4.420756e-06
,Britain,2020-03-23,6726,1.054397e-04,336,5.267283e-06
,Britain,2020-03-24,8164,1.279824e-04,423,6.631133e-06
,Britain,2020-03-25,9640,1.511209e-04,466,7.305220e-06
,Britain,2020-03-26,11812,1.851701e-04,580,9.092334e-06
,Britain,2020-03-27,14745,2.311491e-04,761,1.192977e-05
,Britain,2020-03-28,17312,2.713905e-04,1021,1.600564e-05
,Britain,2020-03-29,19780,3.100799e-04,1231,1.929770e-05
,China,2020-01-22,548,3.908861e-07,17,1.212603e-08
,China,2020-01-23,643,4.586492e-07,18,1.283932e-08
,China,2020-01-24,920,6.562321e-07,26,1.854569e-08
,China,2020-01-25,1406,1.002894e-06,42,2.995842e-08
,China,2020-01-26,2075,1.480089e-06,56,3.994456e-08
,China,2020-01-27,2877,2.052152e-06,82,5.849025e-08
,China,2020-01-28,5509,3.929546e-06,131,9.344174e-08
,China,2020-01-29,6087,4.341831e-06,133,9.486833e-08
,China,2020-01-30,8141,5.806941e-06,171,1.219736e-07
,China,2020-01-31,9802,6.991725e-06,213,1.519320e-07
,China,2020-02-01,11891,8.481800e-06,259,1.847436e-07
,China,2020-02-02,16630,1.186211e-05,361,2.574998e-07
,China,2020-02-03,19716,1.406334e-05,425,3.031507e-07
,China,2020-02-04,23707,1.691010e-05,491,3.502282e-07
,China,2020-02-05,27440,1.957284e-05,563,4.015855e-07
,China,2020-02-06,30587,2.181758e-05,633,4.515162e-07
,China,2020-02-07,34110,2.433052e-05,718,5.121463e-07
,China,2020-02-08,36814,2.625927e-05,805,5.742031e-07
,China,2020-02-09,39829,2.840986e-05,905,6.455326e-07
,China,2020-02-10,42354,3.021093e-05,1012,7.218553e-07
,China,2020-02-11,44386,3.166034e-05,1112,7.931849e-07
,China,2020-02-12,44759,3.192640e-05,1117,7.967513e-07
,China,2020-02-13,59895,4.272285e-05,1369,9.765019e-07
,China,2020-02-14,66358,4.733288e-05,1521,1.084923e-06
,China,2020-02-15,68413,4.879870e-05,1663,1.186211e-06
,China,2020-02-16,70513,5.029662e-05,1766,1.259680e-06
,China,2020-02-17,72434,5.166686e-05,1864,1.329583e-06
,China,2020-02-18,74211,5.293439e-05,2003,1.428731e-06
,China,2020-02-19,74619,5.322541e-05,2116,1.509334e-06
,China,2020-02-20,75077,5.355210e-05,2238,1.596356e-06
,China,2020-02-21,75550,5.388949e-05,2238,1.596356e-06
,China,2020-02-22,77001,5.492449e-05,2443,1.742581e-06
,China,2020-02-23,77022,5.493946e-05,2445,1.744008e-06
,China,2020-02-24,77241,5.509568e-05,2595,1.851002e-06
,China,2020-02-25,77754,5.546160e-05,2665,1.900933e-06
,China,2020-02-26,78166,5.575547e-05,2717,1.938025e-06
,China,2020-02-27,78600,5.606505e-05,2746,1.958710e-06
,China,2020-02-28,78928,5.629901e-05,2790,1.990095e-06
,China,2020-02-29,79356,5.660430e-05,2837,2.023620e-06
,China,2020-03-01,79932,5.701516e-05,2872,2.048585e-06
,China,2020-03-02,80136,5.716067e-05,2914,2.078544e-06
,China,2020-03-03,80261,5.724983e-05,2947,2.102083e-06
,China,2020-03-04,80386,5.733899e-05,2983,2.127761e-06
,China,2020-03-05,80537,5.744670e-05,3015,2.150587e-06
,China,2020-03-06,80690,5.755583e-05,3044,2.171272e-06
,China,2020-03-07,80770,5.761290e-05,3072,2.191245e-06
,China,2020-03-08,80823,5.765070e-05,3100,2.211217e-06
,China,2020-03-09,80860,5.767709e-05,3123,2.227623e-06
,China,2020-03-10,80887,5.769635e-05,3139,2.239035e-06
,China,2020-03-11,80921,5.772060e-05,3161,2.254728e-06
,China,2020-03-12,80932,5.772845e-05,3172,2.262574e-06
,China,2020-03-13,80945,5.773772e-05,3180,2.268280e-06
,China,2020-03-14,80977,5.776055e-05,3193,2.277553e-06
,China,2020-03-15,81003,5.777909e-05,3203,2.284686e-06
,China,2020-03-16,81033,5.780049e-05,3217,2.294672e-06
,China,2020-03-17,81058,5.781833e-05,3230,2.303945e-06
,China,2020-03-18,81102,5.784971e-05,3241,2.311791e-06
,China,2020-03-19,81156,5.788823e-05,3249,2.317498e-06
,China,2020-03-20,81250,5.795528e-05,3253,2.320351e-06
,China,2020-03-21,81305,5.799451e-05,3259,2.324631e-06
,China,2020-03-22,81435,5.808724e-05,3274,2.335330e-06
,China,2020-03-23,81498,5.813218e-05,3274,2.335330e-06
,China,2020-03-24,81591,5.819851e-05,3281,2.340323e-06
,China,2020-03-25,81661,5.824844e-05,3285,2.343177e-06
,China,2020-03-26,81782,5.833475e-05,3291,2.347456e-06
,China,2020-03-27,81897,5.841678e-05,3296,2.351023e-06
,China,2020-03-28,81999,5.848954e-05,3299,2.353163e-06
,China,2020-03-29,82122,5.857727e-05,3304,2.356729e-06
,France,2020-01-22,0,0.000000e+00,0,0.000000e+00
,France,2020-01-23,0,0.000000e+00,0,0.000000e+00
,France,2020-01-24,2,2.982004e-08,0,0.000000e+00
,France,2020-01-25,3,4.473005e-08,0,0.000000e+00
,France,2020-01-26,3,4.473005e-08,0,0.000000e+00
,France,2020-01-27,3,4.473005e-08,0,0.000000e+00
,France,2020-01-28,4,5.964007e-08,0,0.000000e+00
,France,2020-01-29,5,7.455009e-08,0,0.000000e+00
,France,2020-01-30,5,7.455009e-08,0,0.000000e+00
,France,2020-01-31,5,7.455009e-08,0,0.000000e+00
,France,2020-02-01,6,8.946011e-08,0,0.000000e+00
,France,2020-02-02,6,8.946011e-08,0,0.000000e+00
,France,2020-02-03,6,8.946011e-08,0,0.000000e+00
,France,2020-02-04,6,8.946011e-08,0,0.000000e+00
,France,2020-02-05,6,8.946011e-08,0,0.000000e+00
,France,2020-02-06,6,8.946011e-08,0,0.000000e+00
,France,2020-02-07,6,8.946011e-08,0,0.000000e+00
,France,2020-02-08,11,1.640102e-07,0,0.000000e+00
,France,2020-02-09,11,1.640102e-07,0,0.000000e+00
,France,2020-02-10,11,1.640102e-07,0,0.000000e+00
,France,2020-02-11,11,1.640102e-07,0,0.000000e+00
,France,2020-02-12,11,1.640102e-07,0,0.000000e+00
,France,2020-02-13,11,1.640102e-07,0,0.000000e+00
,France,2020-02-14,11,1.640102e-07,0,0.000000e+00
,France,2020-02-15,12,1.789202e-07,1,1.491002e-08
,France,2020-02-16,12,1.789202e-07,1,1.491002e-08
,France,2020-02-17,12,1.789202e-07,1,1.491002e-08
,France,2020-02-18,12,1.789202e-07,1,1.491002e-08
,France,2020-02-19,12,1.789202e-07,1,1.491002e-08
,France,2020-02-20,12,1.789202e-07,1,1.491002e-08
,France,2020-02-21,12,1.789202e-07,1,1.491002e-08
,France,2020-02-22,12,1.789202e-07,1,1.491002e-08
,France,2020-02-23,12,1.789202e-07,1,1.491002e-08
,France,2020-02-24,12,1.789202e-07,1,1.491002e-08
,France,2020-02-25,14,2.087403e-07,1,1.491002e-08
,France,2020-02-26,18,2.683803e-07,2,2.982004e-08
,France,2020-02-27,38,5.665807e-07,2,2.982004e-08
,France,2020-02-28,57,8.498710e-07,2,2.982004e-08
,France,2020-02-29,100,1.491002e-06,2,2.982004e-08
,France,2020-03-01,130,1.938302e-06,2,2.982004e-08
,France,2020-03-02,191,2.847813e-06,3,4.473005e-08
,France,2020-03-03,204,3.041644e-06,4,5.964007e-08
,France,2020-03-04,288,4.294085e-06,4,5.964007e-08
,France,2020-03-05,380,5.665807e-06,6,8.946011e-08
,France,2020-03-06,656,9.780972e-06,9,1.341902e-07
,France,2020-03-07,959,1.429871e-05,11,1.640102e-07
,France,2020-03-08,1136,1.693778e-05,19,2.832903e-07
,France,2020-03-09,1219,1.817531e-05,19,2.832903e-07
,France,2020-03-10,1794,2.674857e-05,33,4.920306e-07
,France,2020-03-11,2293,3.418867e-05,48,7.156809e-07
,France,2020-03-12,2293,3.418867e-05,48,7.156809e-07
,France,2020-03-13,3681,5.488378e-05,79,1.177891e-06
,France,2020-03-14,4496,6.703544e-05,91,1.356812e-06
,France,2020-03-15,4532,6.757220e-05,91,1.356812e-06
,France,2020-03-16,6683,9.964365e-05,149,2.221593e-06
,France,2020-03-17,7715,1.150308e-04,149,2.221593e-06
,France,2020-03-18,9124,1.360390e-04,149,2.221593e-06
,France,2020-03-19,10970,1.635629e-04,244,3.638044e-06
,France,2020-03-20,12758,1.902220e-04,451,6.724418e-06
,France,2020-03-21,14463,2.156436e-04,563,8.394340e-06
,France,2020-03-22,16243,2.421834e-04,676,1.007917e-05
,France,2020-03-23,20123,3.000343e-04,862,1.285244e-05
,France,2020-03-24,22622,3.372944e-04,1102,1.643084e-05
,France,2020-03-25,25600,3.816965e-04,1333,1.987505e-05
,France,2020-03-26,29551,4.406059e-04,1698,2.531721e-05
,France,2020-03-27,33402,4.980244e-04,1997,2.977531e-05
,France,2020-03-28,38105,5.681462e-04,2317,3.454651e-05
,France,2020-03-29,40708,6.069570e-04,2611,3.893006e-05
,Germany,2020-01-22,0,0.000000e+00,0,0.000000e+00
,Germany,2020-01-23,0,0.000000e+00,0,0.000000e+00
,Germany,2020-01-24,0,0.000000e+00,0,0.000000e+00
,Germany,2020-01-25,0,0.000000e+00,0,0.000000e+00
,Germany,2020-01-26,0,0.000000e+00,0,0.000000e+00
,Germany,2020-01-27,1,1.202656e-08,0,0.000000e+00
,Germany,2020-01-28,4,4.810624e-08,0,0.000000e+00
,Germany,2020-01-29,4,4.810624e-08,0,0.000000e+00
,Germany,2020-01-30,4,4.810624e-08,0,0.000000e+00
,Germany,2020-01-31,5,6.013280e-08,0,0.000000e+00
,Germany,2020-02-01,8,9.621248e-08,0,0.000000e+00
,Germany,2020-02-02,10,1.202656e-07,0,0.000000e+00
,Germany,2020-02-03,12,1.443187e-07,0,0.000000e+00
,Germany,2020-02-04,12,1.443187e-07,0,0.000000e+00
,Germany,2020-02-05,12,1.443187e-07,0,0.000000e+00
,Germany,2020-02-06,12,1.443187e-07,0,0.000000e+00
,Germany,2020-02-07,13,1.563453e-07,0,0.000000e+00
,Germany,2020-02-08,13,1.563453e-07,0,0.000000e+00
,Germany,2020-02-09,14,1.683718e-07,0,0.000000e+00
,Germany,2020-02-10,14,1.683718e-07,0,0.000000e+00
,Germany,2020-02-11,16,1.924250e-07,0,0.000000e+00
,Germany,2020-02-12,16,1.924250e-07,0,0.000000e+00
,Germany,2020-02-13,16,1.924250e-07,0,0.000000e+00
,Germany,2020-02-14,16,1.924250e-07,0,0.000000e+00
,Germany,2020-02-15,16,1.924250e-07,0,0.000000e+00
,Germany,2020-02-16,16,1.924250e-07,0,0.000000e+00
,Germany,2020-02-17,16,1.924250e-07,0,0.000000e+00
,Germany,2020-02-18,16,1.924250e-07,0,0.000000e+00
,Germany,2020-02-19,16,1.924250e-07,0,0.000000e+00
,Germany,2020-02-20,16,1.924250e-07,0,0.000000e+00
,Germany,2020-02-21,16,1.924250e-07,0,0.000000e+00
,Germany,2020-02-22,16,1.924250e-07,0,0.000000e+00
,Germany,2020-02-23,16,1.924250e-07,0,0.000000e+00
,Germany,2020-02-24,16,1.924250e-07,0,0.000000e+00
,Germany,2020-02-25,17,2.044515e-07,0,0.000000e+00
,Germany,2020-02-26,27,3.247171e-07,0,0.000000e+00
,Germany,2020-02-27,46,5.532217e-07,0,0.000000e+00
,Germany,2020-02-28,48,5.772749e-07,0,0.000000e+00
,Germany,2020-02-29,79,9.500982e-07,0,0.000000e+00
,Germany,2020-03-01,130,1.563453e-06,0,0.000000e+00
,Germany,2020-03-02,159,1.912223e-06,0,0.000000e+00
,Germany,2020-03-03,196,2.357206e-06,0,0.000000e+00
,Germany,2020-03-04,262,3.150959e-06,0,0.000000e+00
,Germany,2020-03-05,482,5.796802e-06,0,0.000000e+00
,Germany,2020-03-06,670,8.057795e-06,0,0.000000e+00
,Germany,2020-03-07,799,9.609221e-06,0,0.000000e+00
,Germany,2020-03-08,1040,1.250762e-05,0,0.000000e+00
,Germany,2020-03-09,1176,1.414323e-05,2,2.405312e-08
,Germany,2020-03-10,1457,1.752270e-05,2,2.405312e-08
,Germany,2020-03-11,1908,2.294668e-05,3,3.607968e-08
,Germany,2020-03-12,2078,2.499119e-05,3,3.607968e-08
,Germany,2020-03-13,3675,4.419761e-05,7,8.418592e-08
,Germany,2020-03-14,4585,5.514178e-05,9,1.082390e-07
,Germany,2020-03-15,5795,6.969391e-05,11,1.322922e-07
,Germany,2020-03-16,7272,8.745714e-05,17,2.044515e-07
,Germany,2020-03-17,9257,1.113299e-04,24,2.886374e-07
,Germany,2020-03-18,12327,1.482514e-04,28,3.367437e-07
,Germany,2020-03-19,15320,1.842469e-04,44,5.291686e-07
,Germany,2020-03-20,19848,2.387032e-04,67,8.057795e-07
,Germany,2020-03-21,22213,2.671460e-04,84,1.010231e-06
,Germany,2020-03-22,24873,2.991366e-04,94,1.130497e-06
,Germany,2020-03-23,29056,3.494437e-04,123,1.479267e-06
,Germany,2020-03-24,32986,3.967081e-04,157,1.888170e-06
,Germany,2020-03-25,37323,4.488673e-04,206,2.477471e-06
,Germany,2020-03-26,43938,5.284230e-04,267,3.211091e-06
,Germany,2020-03-27,50871,6.118031e-04,342,4.113083e-06
,Germany,2020-03-28,57695,6.938723e-04,433,5.207500e-06
,Germany,2020-03-29,62095,7.467892e-04,533,6.410156e-06
,Iran,2020-01-22,0,0.000000e+00,0,0.000000e+00
,Iran,2020-01-23,0,0.000000e+00,0,0.000000e+00
,Iran,2020-01-24,0,0.000000e+00,0,0.000000e+00
,Iran,2020-01-25,0,0.000000e+00,0,0.000000e+00
,Iran,2020-01-26,0,0.000000e+00,0,0.000000e+00
,Iran,2020-01-27,0,0.000000e+00,0,0.000000e+00
,Iran,2020-01-28,0,0.000000e+00,0,0.000000e+00
,Iran,2020-01-29,0,0.000000e+00,0,0.000000e+00
,Iran,2020-01-30,0,0.000000e+00,0,0.000000e+00
,Iran,2020-01-31,0,0.000000e+00,0,0.000000e+00
,Iran,2020-02-01,0,0.000000e+00,0,0.000000e+00
,Iran,2020-02-02,0,0.000000e+00,0,0.000000e+00
,Iran,2020-02-03,0,0.000000e+00,0,0.000000e+00
,Iran,2020-02-04,0,0.000000e+00,0,0.000000e+00
,Iran,2020-02-05,0,0.000000e+00,0,0.000000e+00
,Iran,2020-02-06,0,0.000000e+00,0,0.000000e+00
,Iran,2020-02-07,0,0.000000e+00,0,0.000000e+00
,Iran,2020-02-08,0,0.000000e+00,0,0.000000e+00
,Iran,2020-02-09,0,0.000000e+00,0,0.000000e+00
,Iran,2020-02-10,0,0.000000e+00,0,0.000000e+00
,Iran,2020-02-11,0,0.000000e+00,0,0.000000e+00
,Iran,2020-02-12,0,0.000000e+00,0,0.000000e+00
,Iran,2020-02-13,0,0.000000e+00,0,0.000000e+00
,Iran,2020-02-14,0,0.000000e+00,0,0.000000e+00
,Iran,2020-02-15,0,0.000000e+00,0,0.000000e+00
,Iran,2020-02-16,0,0.000000e+00,0,0.000000e+00
,Iran,2020-02-17,0,0.000000e+00,0,0.000000e+00
,Iran,2020-02-18,0,0.000000e+00,0,0.000000e+00
,Iran,2020-02-19,2,2.400537e-08,2,2.400537e-08
,Iran,2020-02-20,5,6.001342e-08,2,2.400537e-08
,Iran,2020-02-21,18,2.160483e-07,4,4.801074e-08
,Iran,2020-02-22,28,3.360752e-07,5,6.001342e-08
,Iran,2020-02-23,43,5.161154e-07,8,9.602148e-08
,Iran,2020-02-24,61,7.321638e-07,12,1.440322e-07
,Iran,2020-02-25,95,1.140255e-06,16,1.920430e-07
,Iran,2020-02-26,139,1.668373e-06,19,2.280510e-07
,Iran,2020-02-27,245,2.940658e-06,26,3.120698e-07
,Iran,2020-02-28,388,4.657042e-06,34,4.080913e-07
,Iran,2020-02-29,593,7.117592e-06,43,5.161154e-07
,Iran,2020-03-01,978,1.173863e-05,54,6.481450e-07
,Iran,2020-03-02,1501,1.801603e-05,66,7.921772e-07
,Iran,2020-03-03,2336,2.803827e-05,77,9.242067e-07
,Iran,2020-03-04,2922,3.507184e-05,92,1.104247e-06
,Iran,2020-03-05,3513,4.216543e-05,107,1.284287e-06
,Iran,2020-03-06,4747,5.697674e-05,124,1.488333e-06
,Iran,2020-03-07,5823,6.989163e-05,145,1.740389e-06
,Iran,2020-03-08,6566,7.880963e-05,194,2.328521e-06
,Iran,2020-03-09,7161,8.595122e-05,237,2.844636e-06
,Iran,2020-03-10,8042,9.652559e-05,291,3.492781e-06
,Iran,2020-03-11,9000,1.080242e-04,354,4.248950e-06
,Iran,2020-03-12,10075,1.209270e-04,429,5.149152e-06
,Iran,2020-03-13,11364,1.363985e-04,514,6.169380e-06
,Iran,2020-03-14,12729,1.527822e-04,611,7.333640e-06
,Iran,2020-03-15,13938,1.672934e-04,724,8.689944e-06
,Iran,2020-03-16,14991,1.799322e-04,853,1.023829e-05
,Iran,2020-03-17,16169,1.940714e-04,988,1.185865e-05
,Iran,2020-03-18,17361,2.083786e-04,1135,1.362305e-05
,Iran,2020-03-19,18407,2.209334e-04,1284,1.541145e-05
,Iran,2020-03-20,19644,2.357807e-04,1433,1.719985e-05
,Iran,2020-03-21,20610,2.473753e-04,1556,1.867618e-05
,Iran,2020-03-22,21638,2.597141e-04,1685,2.022452e-05
,Iran,2020-03-23,23049,2.766499e-04,1812,2.174886e-05
,Iran,2020-03-24,24811,2.977986e-04,1934,2.321319e-05
,Iran,2020-03-25,27017,3.242765e-04,2077,2.492958e-05
,Iran,2020-03-26,29406,3.529509e-04,2234,2.681400e-05
,Iran,2020-03-27,32332,3.880708e-04,2378,2.854238e-05
,Iran,2020-03-28,35408,4.249911e-04,2517,3.021076e-05
,Iran,2020-03-29,38309,4.598108e-04,2640,3.168709e-05
,Italy,2020-01-22,0,0.000000e+00,0,0.000000e+00
,Italy,2020-01-23,0,0.000000e+00,0,0.000000e+00
,Italy,2020-01-24,0,0.000000e+00,0,0.000000e+00
,Italy,2020-01-25,0,0.000000e+00,0,0.000000e+00
,Italy,2020-01-26,0,0.000000e+00,0,0.000000e+00
,Italy,2020-01-27,0,0.000000e+00,0,0.000000e+00
,Italy,2020-01-28,0,0.000000e+00,0,0.000000e+00
,Italy,2020-01-29,0,0.000000e+00,0,0.000000e+00
,Italy,2020-01-30,0,0.000000e+00,0,0.000000e+00
,Italy,2020-01-31,2,3.319865e-08,0,0.000000e+00
,Italy,2020-02-01,2,3.319865e-08,0,0.000000e+00
,Italy,2020-02-02,2,3.319865e-08,0,0.000000e+00
,Italy,2020-02-03,2,3.319865e-08,0,0.000000e+00
,Italy,2020-02-04,2,3.319865e-08,0,0.000000e+00
,Italy,2020-02-05,2,3.319865e-08,0,0.000000e+00
,Italy,2020-02-06,2,3.319865e-08,0,0.000000e+00
,Italy,2020-02-07,3,4.979798e-08,0,0.000000e+00
,Italy,2020-02-08,3,4.979798e-08,0,0.000000e+00
,Italy,2020-02-09,3,4.979798e-08,0,0.000000e+00
,Italy,2020-02-10,3,4.979798e-08,0,0.000000e+00
,Italy,2020-02-11,3,4.979798e-08,0,0.000000e+00
,Italy,2020-02-12,3,4.979798e-08,0,0.000000e+00
,Italy,2020-02-13,3,4.979798e-08,0,0.000000e+00
,Italy,2020-02-14,3,4.979798e-08,0,0.000000e+00
,Italy,2020-02-15,3,4.979798e-08,0,0.000000e+00
,Italy,2020-02-16,3,4.979798e-08,0,0.000000e+00
,Italy,2020-02-17,3,4.979798e-08,0,0.000000e+00
,Italy,2020-02-18,3,4.979798e-08,0,0.000000e+00
,Italy,2020-02-19,3,4.979798e-08,0,0.000000e+00
,Italy,2020-02-20,3,4.979798e-08,0,0.000000e+00
,Italy,2020-02-21,20,3.319865e-07,1,1.659933e-08
,Italy,2020-02-22,62,1.029158e-06,2,3.319865e-08
,Italy,2020-02-23,155,2.572896e-06,3,4.979798e-08
,Italy,2020-02-24,229,3.801246e-06,7,1.161953e-07
,Italy,2020-02-25,322,5.344983e-06,10,1.659933e-07
,Italy,2020-02-26,453,7.519495e-06,12,1.991919e-07
,Italy,2020-02-27,655,1.087256e-05,17,2.821886e-07
,Italy,2020-02-28,888,1.474020e-05,21,3.485859e-07
,Italy,2020-02-29,1128,1.872404e-05,29,4.813805e-07
,Italy,2020-03-01,1694,2.811926e-05,34,5.643771e-07
,Italy,2020-03-02,2036,3.379623e-05,52,8.631650e-07
,Italy,2020-03-03,2502,4.153152e-05,79,1.311347e-06
,Italy,2020-03-04,3089,5.127532e-05,107,1.776128e-06
,Italy,2020-03-05,3858,6.404020e-05,148,2.456700e-06
,Italy,2020-03-06,4636,7.695448e-05,197,3.270067e-06
,Italy,2020-03-07,5883,9.765384e-05,233,3.867643e-06
,Italy,2020-03-08,7375,1.224200e-04,366,6.075354e-06
,Italy,2020-03-09,9172,1.522490e-04,463,7.685488e-06
,Italy,2020-03-10,10149,1.684666e-04,631,1.047418e-05
,Italy,2020-03-11,12462,2.068608e-04,827,1.372764e-05
,Italy,2020-03-12,12462,2.068608e-04,827,1.372764e-05
,Italy,2020-03-13,17660,2.931441e-04,1266,2.101475e-05
,Italy,2020-03-14,21157,3.511920e-04,1441,2.391963e-05
,Italy,2020-03-15,24747,4.107835e-04,1809,3.002818e-05
,Italy,2020-03-16,27980,4.644492e-04,2158,3.582135e-05
,Italy,2020-03-17,31506,5.229784e-04,2503,4.154812e-05
,Italy,2020-03-18,35713,5.928118e-04,2978,4.943280e-05
,Italy,2020-03-19,41035,6.811534e-04,3405,5.652071e-05
,Italy,2020-03-20,47021,7.805170e-04,4032,6.692849e-05
,Italy,2020-03-21,53578,8.893587e-04,4825,8.009175e-05
,Italy,2020-03-22,59138,9.816510e-04,5476,9.089792e-05
,Italy,2020-03-23,63927,1.061145e-03,6077,1.008741e-04
,Italy,2020-03-24,69176,1.148275e-03,6820,1.132074e-04
,Italy,2020-03-25,74386,1.234758e-03,7503,1.245448e-04
,Italy,2020-03-26,80589,1.337723e-03,8215,1.363635e-04
,Italy,2020-03-27,86498,1.435809e-03,9134,1.516183e-04
,Italy,2020-03-28,92472,1.534973e-03,10023,1.663751e-04
,Italy,2020-03-29,97689,1.621572e-03,10779,1.789241e-04
,Non-China,2020-01-22,7,1.098442e-09,0,0.000000e+00
,Non-China,2020-01-23,11,1.726123e-09,0,0.000000e+00
,Non-China,2020-01-24,21,3.295325e-09,0,0.000000e+00
,Non-China,2020-01-25,28,4.393767e-09,0,0.000000e+00
,Non-China,2020-01-26,43,6.747571e-09,0,0.000000e+00
,Non-China,2020-01-27,50,7.846012e-09,0,0.000000e+00
,Non-China,2020-01-28,69,1.082750e-08,0,0.000000e+00
,Non-China,2020-01-29,79,1.239670e-08,0,0.000000e+00
,Non-China,2020-01-30,93,1.459358e-08,0,0.000000e+00
,Non-China,2020-01-31,125,1.961503e-08,0,0.000000e+00
,Non-China,2020-02-01,147,2.306728e-08,0,0.000000e+00
,Non-China,2020-02-02,157,2.463648e-08,1,1.569202e-10
,Non-China,2020-02-03,165,2.589184e-08,1,1.569202e-10
,Non-China,2020-02-04,185,2.903025e-08,1,1.569202e-10
,Non-China,2020-02-05,195,3.059945e-08,1,1.569202e-10
,Non-China,2020-02-06,207,3.248249e-08,1,1.569202e-10
,Non-China,2020-02-07,281,4.409459e-08,1,1.569202e-10
,Non-China,2020-02-08,306,4.801760e-08,1,1.569202e-10
,Non-China,2020-02-09,321,5.037140e-08,1,1.569202e-10
,Non-China,2020-02-10,408,6.402346e-08,1,1.569202e-10
,Non-China,2020-02-11,416,6.527882e-08,1,1.569202e-10
,Non-China,2020-02-12,462,7.249715e-08,1,1.569202e-10
,Non-China,2020-02-13,473,7.422328e-08,2,3.138405e-10
,Non-China,2020-02-14,527,8.269697e-08,2,3.138405e-10
,Non-China,2020-02-15,617,9.681979e-08,3,4.707607e-10
,Non-China,2020-02-16,711,1.115703e-07,4,6.276810e-10
,Non-China,2020-02-17,824,1.293023e-07,4,6.276810e-10
,Non-China,2020-02-18,925,1.451512e-07,4,6.276810e-10
,Non-China,2020-02-19,1020,1.600587e-07,6,9.415215e-10
,Non-China,2020-02-20,1120,1.757507e-07,9,1.412282e-09
,Non-China,2020-02-21,1269,1.991318e-07,13,2.039963e-09
,Non-China,2020-02-22,1571,2.465217e-07,15,2.353804e-09
,Non-China,2020-02-23,1936,3.037976e-07,24,3.766086e-09
,Non-China,2020-02-24,2320,3.640550e-07,34,5.335288e-09
,Non-China,2020-02-25,2652,4.161525e-07,43,6.747571e-09
,Non-China,2020-02-26,3222,5.055970e-07,53,8.316773e-09
,Non-China,2020-02-27,4146,6.505913e-07,68,1.067058e-08
,Non-China,2020-02-28,5184,8.134746e-07,82,1.286746e-08
,Non-China,2020-02-29,6655,1.044304e-06,104,1.631971e-08
,Non-China,2020-03-01,8437,1.323936e-06,124,1.945811e-08
,Non-China,2020-03-02,10170,1.595879e-06,171,2.683336e-08
,Non-China,2020-03-03,12579,1.973900e-06,213,3.342401e-08
,Non-China,2020-03-04,14734,2.312063e-06,271,4.252539e-08
,Non-China,2020-03-05,17349,2.722409e-06,333,5.225444e-08
,Non-China,2020-03-06,21111,3.312743e-06,416,6.527882e-08
,Non-China,2020-03-07,25077,3.935089e-06,486,7.626324e-08
,Non-China,2020-03-08,28998,4.550373e-06,702,1.101580e-07
,Non-China,2020-03-09,32730,5.136000e-06,865,1.357360e-07
,Non-China,2020-03-10,37733,5.921072e-06,1123,1.762214e-07
,Non-China,2020-03-11,44954,7.054193e-06,1454,2.281620e-07
,Non-China,2020-03-12,47420,7.441158e-06,1548,2.429125e-07
,Non-China,2020-03-13,64260,1.008370e-05,2224,3.489906e-07
,Non-China,2020-03-14,75124,1.178848e-05,2626,4.120726e-07
,Non-China,2020-03-15,86451,1.356591e-05,3237,5.079508e-07
,Non-China,2020-03-16,100541,1.577692e-05,3909,6.134012e-07
,Non-China,2020-03-17,116044,1.820965e-05,4675,7.336022e-07
,Non-China,2020-03-18,133719,2.098322e-05,5492,8.618060e-07
,Non-China,2020-03-19,161344,2.531814e-05,6618,1.038498e-06
,Non-China,2020-03-20,190785,2.993803e-05,8046,1.262580e-06
,Non-China,2020-03-21,223091,3.500749e-05,9714,1.524323e-06
,Non-China,2020-03-22,255518,4.009595e-05,11377,1.785282e-06
,Non-China,2020-03-23,296737,4.656404e-05,13231,2.076212e-06
,Non-China,2020-03-24,336454,5.279644e-05,15344,2.407784e-06
,Non-China,2020-03-25,385992,6.056996e-05,17896,2.808245e-06
,Non-China,2020-03-26,447809,7.027030e-05,20679,3.244954e-06
,Non-China,2020-03-27,511394,8.024807e-05,23902,3.750708e-06
,Non-China,2020-03-28,578707,9.081085e-05,27353,4.292240e-06
,Non-China,2020-03-29,637995,1.001143e-04,30621,4.805055e-06
,Spain,2020-01-22,0,0.000000e+00,0,0.000000e+00
,Spain,2020-01-23,0,0.000000e+00,0,0.000000e+00
,Spain,2020-01-24,0,0.000000e+00,0,0.000000e+00
,Spain,2020-01-25,0,0.000000e+00,0,0.000000e+00
,Spain,2020-01-26,0,0.000000e+00,0,0.000000e+00
,Spain,2020-01-27,0,0.000000e+00,0,0.000000e+00
,Spain,2020-01-28,0,0.000000e+00,0,0.000000e+00
,Spain,2020-01-29,0,0.000000e+00,0,0.000000e+00
,Spain,2020-01-30,0,0.000000e+00,0,0.000000e+00
,Spain,2020-01-31,0,0.000000e+00,0,0.000000e+00
,Spain,2020-02-01,1,2.123124e-08,0,0.000000e+00
,Spain,2020-02-02,1,2.123124e-08,0,0.000000e+00
,Spain,2020-02-03,1,2.123124e-08,0,0.000000e+00
,Spain,2020-02-04,1,2.123124e-08,0,0.000000e+00
,Spain,2020-02-05,1,2.123124e-08,0,0.000000e+00
,Spain,2020-02-06,1,2.123124e-08,0,0.000000e+00
,Spain,2020-02-07,1,2.123124e-08,0,0.000000e+00
,Spain,2020-02-08,1,2.123124e-08,0,0.000000e+00
,Spain,2020-02-09,2,4.246249e-08,0,0.000000e+00
,Spain,2020-02-10,2,4.246249e-08,0,0.000000e+00
,Spain,2020-02-11,2,4.246249e-08,0,0.000000e+00
,Spain,2020-02-12,2,4.246249e-08,0,0.000000e+00
,Spain,2020-02-13,2,4.246249e-08,0,0.000000e+00
,Spain,2020-02-14,2,4.246249e-08,0,0.000000e+00
,Spain,2020-02-15,2,4.246249e-08,0,0.000000e+00
,Spain,2020-02-16,2,4.246249e-08,0,0.000000e+00
,Spain,2020-02-17,2,4.246249e-08,0,0.000000e+00
,Spain,2020-02-18,2,4.246249e-08,0,0.000000e+00
,Spain,2020-02-19,2,4.246249e-08,0,0.000000e+00
,Spain,2020-02-20,2,4.246249e-08,0,0.000000e+00
,Spain,2020-02-21,2,4.246249e-08,0,0.000000e+00
,Spain,2020-02-22,2,4.246249e-08,0,0.000000e+00
,Spain,2020-02-23,2,4.246249e-08,0,0.000000e+00
,Spain,2020-02-24,2,4.246249e-08,0,0.000000e+00
,Spain,2020-02-25,6,1.273875e-07,0,0.000000e+00
,Spain,2020-02-26,13,2.760062e-07,0,0.000000e+00
,Spain,2020-02-27,15,3.184687e-07,0,0.000000e+00
,Spain,2020-02-28,32,6.793998e-07,0,0.000000e+00
,Spain,2020-02-29,45,9.554060e-07,0,0.000000e+00
,Spain,2020-03-01,84,1.783424e-06,0,0.000000e+00
,Spain,2020-03-02,120,2.547749e-06,0,0.000000e+00
,Spain,2020-03-03,165,3.503155e-06,1,2.123124e-08
,Spain,2020-03-04,222,4.713336e-06,2,4.246249e-08
,Spain,2020-03-05,259,5.498892e-06,3,6.369373e-08
,Spain,2020-03-06,400,8.492498e-06,5,1.061562e-07
,Spain,2020-03-07,500,1.061562e-05,10,2.123124e-07
,Spain,2020-03-08,673,1.428863e-05,17,3.609311e-07
,Spain,2020-03-09,1073,2.278112e-05,28,5.944748e-07
,Spain,2020-03-10,1695,3.598696e-05,35,7.430935e-07
,Spain,2020-03-11,2277,4.834354e-05,54,1.146487e-06
,Spain,2020-03-12,2277,4.834354e-05,55,1.167718e-06
,Spain,2020-03-13,5232,1.110819e-04,133,2.823755e-06
,Spain,2020-03-14,6391,1.356889e-04,195,4.140093e-06
,Spain,2020-03-15,7798,1.655612e-04,289,6.135830e-06
,Spain,2020-03-16,9942,2.110810e-04,342,7.261085e-06
,Spain,2020-03-17,11748,2.494247e-04,533,1.131625e-05
,Spain,2020-03-18,13910,2.953266e-04,623,1.322707e-05
,Spain,2020-03-19,17963,3.813768e-04,830,1.762193e-05
,Spain,2020-03-20,20410,4.333297e-04,1043,2.214419e-05
,Spain,2020-03-21,25374,5.387216e-04,1375,2.919296e-05
,Spain,2020-03-22,28768,6.107804e-04,1772,3.762176e-05
,Spain,2020-03-23,35136,7.459810e-04,2311,4.906540e-05
,Spain,2020-03-24,39885,8.468082e-04,2808,5.961733e-05
,Spain,2020-03-25,49515,1.051265e-03,3647,7.743035e-05
,Spain,2020-03-26,57786,1.226869e-03,4365,9.267438e-05
,Spain,2020-03-27,65719,1.395296e-03,5138,1.090861e-04
,Spain,2020-03-28,73235,1.554870e-03,5982,1.270053e-04
,Spain,2020-03-29,80110,1.700835e-03,6803,1.444362e-04
,Switzerland,2020-01-22,0,0.000000e+00,0,0.000000e+00
,Switzerland,2020-01-23,0,0.000000e+00,0,0.000000e+00
,Switzerland,2020-01-24,0,0.000000e+00,0,0.000000e+00
,Switzerland,2020-01-25,0,0.000000e+00,0,0.000000e+00
,Switzerland,2020-01-26,0,0.000000e+00,0,0.000000e+00
,Switzerland,2020-01-27,0,0.000000e+00,0,0.000000e+00
,Switzerland,2020-01-28,0,0.000000e+00,0,0.000000e+00
,Switzerland,2020-01-29,0,0.000000e+00,0,0.000000e+00
,Switzerland,2020-01-30,0,0.000000e+00,0,0.000000e+00
,Switzerland,2020-01-31,0,0.000000e+00,0,0.000000e+00
,Switzerland,2020-02-01,0,0.000000e+00,0,0.000000e+00
,Switzerland,2020-02-02,0,0.000000e+00,0,0.000000e+00
,Switzerland,2020-02-03,0,0.000000e+00,0,0.000000e+00
,Switzerland,2020-02-04,0,0.000000e+00,0,0.000000e+00
,Switzerland,2020-02-05,0,0.000000e+00,0,0.000000e+00
,Switzerland,2020-02-06,0,0.000000e+00,0,0.000000e+00
,Switzerland,2020-02-07,0,0.000000e+00,0,0.000000e+00
,Switzerland,2020-02-08,0,0.000000e+00,0,0.000000e+00
,Switzerland,2020-02-09,0,0.000000e+00,0,0.000000e+00
,Switzerland,2020-02-10,0,0.000000e+00,0,0.000000e+00
,Switzerland,2020-02-11,0,0.000000e+00,0,0.000000e+00
,Switzerland,2020-02-12,0,0.000000e+00,0,0.000000e+00
,Switzerland,2020-02-13,0,0.000000e+00,0,0.000000e+00
,Switzerland,2020-02-14,0,0.000000e+00,0,0.000000e+00
,Switzerland,2020-02-15,0,0.000000e+00,0,0.000000e+00
,Switzerland,2020-02-16,0,0.000000e+00,0,0.000000e+00
,Switzerland,2020-02-17,0,0.000000e+00,0,0.000000e+00
,Switzerland,2020-02-18,0,0.000000e+00,0,0.000000e+00
,Switzerland,2020-02-19,0,0.000000e+00,0,0.000000e+00
,Switzerland,2020-02-20,0,0.000000e+00,0,0.000000e+00
,Switzerland,2020-02-21,0,0.000000e+00,0,0.000000e+00
,Switzerland,2020-02-22,0,0.000000e+00,0,0.000000e+00
,Switzerland,2020-02-23,0,0.000000e+00,0,0.000000e+00
,Switzerland,2020-02-24,0,0.000000e+00,0,0.000000e+00
,Switzerland,2020-02-25,1,1.164612e-07,0,0.000000e+00
,Switzerland,2020-02-26,1,1.164612e-07,0,0.000000e+00
,Switzerland,2020-02-27,8,9.316897e-07,0,0.000000e+00
,Switzerland,2020-02-28,8,9.316897e-07,0,0.000000e+00
,Switzerland,2020-02-29,18,2.096302e-06,0,0.000000e+00
,Switzerland,2020-03-01,27,3.144453e-06,0,0.000000e+00
,Switzerland,2020-03-02,42,4.891371e-06,0,0.000000e+00
,Switzerland,2020-03-03,56,6.521828e-06,0,0.000000e+00
,Switzerland,2020-03-04,90,1.048151e-05,0,0.000000e+00
,Switzerland,2020-03-05,114,1.327658e-05,1,1.164612e-07
,Switzerland,2020-03-06,214,2.492270e-05,1,1.164612e-07
,Switzerland,2020-03-07,268,3.121160e-05,1,1.164612e-07
,Switzerland,2020-03-08,337,3.924743e-05,2,2.329224e-07
,Switzerland,2020-03-09,374,4.355649e-05,2,2.329224e-07
,Switzerland,2020-03-10,491,5.718245e-05,3,3.493836e-07
,Switzerland,2020-03-11,652,7.593271e-05,4,4.658448e-07
,Switzerland,2020-03-12,652,7.593271e-05,4,4.658448e-07
,Switzerland,2020-03-13,1139,1.326493e-04,11,1.281073e-06
,Switzerland,2020-03-14,1359,1.582708e-04,13,1.513996e-06
,Switzerland,2020-03-15,2200,2.562147e-04,14,1.630457e-06
,Switzerland,2020-03-16,2200,2.562147e-04,14,1.630457e-06
,Switzerland,2020-03-17,2700,3.144453e-04,27,3.144453e-06
,Switzerland,2020-03-18,3028,3.526445e-04,28,3.260914e-06
,Switzerland,2020-03-19,4075,4.745794e-04,41,4.774910e-06
,Switzerland,2020-03-20,5294,6.165456e-04,54,6.288905e-06
,Switzerland,2020-03-21,6575,7.657325e-04,75,8.734591e-06
,Switzerland,2020-03-22,7474,8.704311e-04,98,1.141320e-05
,Switzerland,2020-03-23,8795,1.024276e-03,120,1.397535e-05
,Switzerland,2020-03-24,9877,1.150287e-03,122,1.420827e-05
,Switzerland,2020-03-25,10897,1.269078e-03,153,1.781857e-05
,Switzerland,2020-03-26,11811,1.375523e-03,191,2.224409e-05
,Switzerland,2020-03-27,12928,1.505611e-03,231,2.690254e-05
,Switzerland,2020-03-28,14076,1.639308e-03,264,3.074576e-05
,Switzerland,2020-03-29,14829,1.727003e-03,300,3.493836e-05
,United States,2020-01-22,1,3.034697e-09,0,0.000000e+00
,United States,2020-01-23,1,3.034697e-09,0,0.000000e+00
,United States,2020-01-24,2,6.069394e-09,0,0.000000e+00
,United States,2020-01-25,2,6.069394e-09,0,0.000000e+00
,United States,2020-01-26,5,1.517348e-08,0,0.000000e+00
,United States,2020-01-27,5,1.517348e-08,0,0.000000e+00
,United States,2020-01-28,5,1.517348e-08,0,0.000000e+00
,United States,2020-01-29,5,1.517348e-08,0,0.000000e+00
,United States,2020-01-30,5,1.517348e-08,0,0.000000e+00
,United States,2020-01-31,7,2.124288e-08,0,0.000000e+00
,United States,2020-02-01,8,2.427758e-08,0,0.000000e+00
,United States,2020-02-02,8,2.427758e-08,0,0.000000e+00
,United States,2020-02-03,11,3.338167e-08,0,0.000000e+00
,United States,2020-02-04,11,3.338167e-08,0,0.000000e+00
,United States,2020-02-05,11,3.338167e-08,0,0.000000e+00
,United States,2020-02-06,11,3.338167e-08,0,0.000000e+00
,United States,2020-02-07,11,3.338167e-08,0,0.000000e+00
,United States,2020-02-08,11,3.338167e-08,0,0.000000e+00
,United States,2020-02-09,11,3.338167e-08,0,0.000000e+00
,United States,2020-02-10,11,3.338167e-08,0,0.000000e+00
,United States,2020-02-11,12,3.641636e-08,0,0.000000e+00
,United States,2020-02-12,12,3.641636e-08,0,0.000000e+00
,United States,2020-02-13,13,3.945106e-08,0,0.000000e+00
,United States,2020-02-14,13,3.945106e-08,0,0.000000e+00
,United States,2020-02-15,13,3.945106e-08,0,0.000000e+00
,United States,2020-02-16,13,3.945106e-08,0,0.000000e+00
,United States,2020-02-17,13,3.945106e-08,0,0.000000e+00
,United States,2020-02-18,13,3.945106e-08,0,0.000000e+00
,United States,2020-02-19,13,3.945106e-08,0,0.000000e+00
,United States,2020-02-20,13,3.945106e-08,0,0.000000e+00
,United States,2020-02-21,15,4.552045e-08,0,0.000000e+00
,United States,2020-02-22,15,4.552045e-08,0,0.000000e+00
,United States,2020-02-23,15,4.552045e-08,0,0.000000e+00
,United States,2020-02-24,51,1.547695e-07,0,0.000000e+00
,United States,2020-02-25,51,1.547695e-07,0,0.000000e+00
,United States,2020-02-26,57,1.729777e-07,0,0.000000e+00
,United States,2020-02-27,58,1.760124e-07,0,0.000000e+00
,United States,2020-02-28,60,1.820818e-07,0,0.000000e+00
,United States,2020-02-29,68,2.063594e-07,1,3.034697e-09
,United States,2020-03-01,74,2.245676e-07,1,3.034697e-09
,United States,2020-03-02,98,2.974003e-07,6,1.820818e-08
,United States,2020-03-03,118,3.580942e-07,7,2.124288e-08
,United States,2020-03-04,149,4.521698e-07,11,3.338167e-08
,United States,2020-03-05,217,6.585292e-07,12,3.641636e-08
,United States,2020-03-06,262,7.950906e-07,14,4.248576e-08
,United States,2020-03-07,402,1.219948e-06,17,5.158985e-08
,United States,2020-03-08,518,1.571973e-06,21,6.372864e-08
,United States,2020-03-09,583,1.769228e-06,22,6.676333e-08
,United States,2020-03-10,959,2.910274e-06,28,8.497152e-08
,United States,2020-03-11,1281,3.887447e-06,36,1.092491e-07
,United States,2020-03-12,1663,5.046701e-06,40,1.213879e-07
,United States,2020-03-13,2179,6.612605e-06,47,1.426308e-07
,United States,2020-03-14,2727,8.275619e-06,54,1.638736e-07
,United States,2020-03-15,3499,1.061840e-05,63,1.911859e-07
,United States,2020-03-16,4632,1.405672e-05,85,2.579492e-07
,United States,2020-03-17,6421,1.948579e-05,108,3.277473e-07
,United States,2020-03-18,7783,2.361905e-05,118,3.580942e-07
,United States,2020-03-19,13677,4.150555e-05,200,6.069394e-07
,United States,2020-03-20,19100,5.796271e-05,244,7.404661e-07
,United States,2020-03-21,25489,7.735139e-05,307,9.316520e-07
,United States,2020-03-22,33276,1.009826e-04,417,1.265469e-06
,United States,2020-03-23,43847,1.330624e-04,557,1.690326e-06
,United States,2020-03-24,53740,1.630846e-04,706,2.142496e-06
,United States,2020-03-25,65778,1.996163e-04,942,2.858685e-06
,United States,2020-03-26,83836,2.544169e-04,1209,3.668949e-06
,United States,2020-03-27,101657,3.084982e-04,1581,4.797856e-06
,United States,2020-03-28,121478,3.686489e-04,2026,6.148296e-06
,United States,2020-03-29,140886,4.275463e-04,2467,7.486597e-06
California,United States,2020-03-04,53,1.341357e-06,0,0.000000e+00
California,United States,2020-03-05,53,1.341357e-06,0,0.000000e+00
California,United States,2020-03-06,60,1.518517e-06,0,0.000000e+00
California,United States,2020-03-07,69,1.746295e-06,0,0.000000e+00
California,United States,2020-03-08,88,2.227159e-06,0,0.000000e+00
California,United States,2020-03-09,114,2.885183e-06,0,0.000000e+00
California,United States,2020-03-10,133,3.366047e-06,0,0.000000e+00
California,United States,2020-03-11,157,3.973454e-06,0,0.000000e+00
California,United States,2020-03-12,202,5.112342e-06,4,1.012345e-07
California,United States,2020-03-13,202,5.112342e-06,4,1.012345e-07
California,United States,2020-03-14,252,6.377773e-06,5,1.265431e-07
California,United States,2020-03-15,293,7.415427e-06,5,1.265431e-07
California,United States,2020-03-16,335,8.478389e-06,6,1.518517e-07
California,United States,2020-03-17,483,1.222407e-05,11,2.783949e-07
California,United States,2020-03-18,611,1.546357e-05,13,3.290121e-07
California,United States,2020-03-19,924,2.338517e-05,18,4.555552e-07
California,United States,2020-03-20,1063,2.690307e-05,20,5.061725e-07
California,United States,2020-03-21,1279,3.236973e-05,24,6.074070e-07
California,United States,2020-03-22,1536,3.887405e-05,27,6.833329e-07
California,United States,2020-03-23,1733,4.385985e-05,27,6.833329e-07
California,United States,2020-03-24,2102,5.319873e-05,40,1.012345e-06
California,United States,2020-03-25,2355,5.960181e-05,53,1.341357e-06
California,United States,2020-03-26,3006,7.607772e-05,65,1.645061e-06
California,United States,2020-03-27,3879,9.817215e-05,78,1.974073e-06
California,United States,2020-03-28,4643,1.175079e-04,101,2.556171e-06
California,United States,2020-03-29,5708,1.444616e-04,123,3.112961e-06
Florida,United States,2020-03-04,2,9.311968e-08,0,0.000000e+00
Florida,United States,2020-03-05,9,4.190386e-07,0,0.000000e+00
Florida,United States,2020-03-06,9,4.190386e-07,0,0.000000e+00
Florida,United States,2020-03-07,14,6.518378e-07,0,0.000000e+00
Florida,United States,2020-03-08,17,7.915173e-07,0,0.000000e+00
Florida,United States,2020-03-09,18,8.380771e-07,0,0.000000e+00
Florida,United States,2020-03-10,19,8.846370e-07,0,0.000000e+00
Florida,United States,2020-03-11,28,1.303676e-06,2,9.311968e-08
Florida,United States,2020-03-12,32,1.489915e-06,2,9.311968e-08
Florida,United States,2020-03-13,50,2.327992e-06,2,9.311968e-08
Florida,United States,2020-03-14,77,3.585108e-06,3,1.396795e-07
Florida,United States,2020-03-15,116,5.400941e-06,4,1.862394e-07
Florida,United States,2020-03-16,141,6.564937e-06,4,1.862394e-07
Florida,United States,2020-03-17,186,8.660130e-06,6,2.793590e-07
Florida,United States,2020-03-18,314,1.461979e-05,7,3.259189e-07
Florida,United States,2020-03-19,390,1.815834e-05,8,3.724787e-07
Florida,United States,2020-03-20,520,2.421112e-05,10,4.655984e-07
Florida,United States,2020-03-21,658,3.063637e-05,12,5.587181e-07
Florida,United States,2020-03-22,830,3.864467e-05,13,6.052779e-07
Florida,United States,2020-03-23,1171,5.452157e-05,14,6.518378e-07
Florida,United States,2020-03-24,1412,6.574249e-05,18,8.380771e-07
Florida,United States,2020-03-25,1682,7.831365e-05,22,1.024316e-06
Florida,United States,2020-03-26,2355,1.096484e-04,28,1.303676e-06
Florida,United States,2020-03-27,2765,1.287380e-04,34,1.583035e-06
Florida,United States,2020-03-28,3763,1.752047e-04,54,2.514231e-06
Florida,United States,2020-03-29,4246,1.976931e-04,56,2.607351e-06
Illinois,United States,2020-03-04,4,3.156610e-07,0,0.000000e+00
Illinois,United States,2020-03-05,5,3.945763e-07,0,0.000000e+00
Illinois,United States,2020-03-06,5,3.945763e-07,0,0.000000e+00
Illinois,United States,2020-03-07,6,4.734915e-07,0,0.000000e+00
Illinois,United States,2020-03-08,6,4.734915e-07,0,0.000000e+00
Illinois,United States,2020-03-09,7,5.524068e-07,0,0.000000e+00
Illinois,United States,2020-03-10,19,1.499390e-06,0,0.000000e+00
Illinois,United States,2020-03-11,19,1.499390e-06,0,0.000000e+00
Illinois,United States,2020-03-12,25,1.972881e-06,0,0.000000e+00
Illinois,United States,2020-03-13,32,2.525288e-06,0,0.000000e+00
Illinois,United States,2020-03-14,46,3.630102e-06,0,0.000000e+00
Illinois,United States,2020-03-15,64,5.050576e-06,0,0.000000e+00
Illinois,United States,2020-03-16,93,7.339119e-06,0,0.000000e+00
Illinois,United States,2020-03-17,160,1.262644e-05,1,7.891526e-08
Illinois,United States,2020-03-18,288,2.272759e-05,1,7.891526e-08
Illinois,United States,2020-03-19,422,3.330224e-05,4,3.156610e-07
Illinois,United States,2020-03-20,585,4.616542e-05,5,3.945763e-07
Illinois,United States,2020-03-21,753,5.942319e-05,6,4.734915e-07
Illinois,United States,2020-03-22,1049,8.278210e-05,9,7.102373e-07
Illinois,United States,2020-03-23,1273,1.004591e-04,12,9.469831e-07
Illinois,United States,2020-03-24,1535,1.211349e-04,16,1.262644e-06
Illinois,United States,2020-03-25,1865,1.471770e-04,19,1.499390e-06
Illinois,United States,2020-03-26,2538,2.002869e-04,26,2.051797e-06
Illinois,United States,2020-03-27,3026,2.387976e-04,34,2.683119e-06
Illinois,United States,2020-03-28,3491,2.754932e-04,47,3.709017e-06
Illinois,United States,2020-03-29,4596,3.626945e-04,65,5.129492e-06
Louisiana,United States,2020-03-07,0,0.000000e+00,0,0.000000e+00
Louisiana,United States,2020-03-08,0,0.000000e+00,0,0.000000e+00
Louisiana,United States,2020-03-09,1,2.151096e-07,0,0.000000e+00
Louisiana,United States,2020-03-10,1,2.151096e-07,0,0.000000e+00
Louisiana,United States,2020-03-11,6,1.290657e-06,0,0.000000e+00
Louisiana,United States,2020-03-12,14,3.011534e-06,0,0.000000e+00
Louisiana,United States,2020-03-13,36,7.743944e-06,0,0.000000e+00
Louisiana,United States,2020-03-14,69,1.484256e-05,0,0.000000e+00
Louisiana,United States,2020-03-15,91,1.957497e-05,2,4.302191e-07
Louisiana,United States,2020-03-16,114,2.452249e-05,2,4.302191e-07
Louisiana,United States,2020-03-17,171,3.678373e-05,4,8.604382e-07
Louisiana,United States,2020-03-18,240,5.162629e-05,6,1.290657e-06
Louisiana,United States,2020-03-19,347,7.464301e-05,8,1.720876e-06
Louisiana,United States,2020-03-20,479,1.030375e-04,12,2.581315e-06
Louisiana,United States,2020-03-21,585,1.258391e-04,16,3.441753e-06
Louisiana,United States,2020-03-22,837,1.800467e-04,20,4.302191e-06
Louisiana,United States,2020-03-23,1172,2.521084e-04,34,7.313725e-06
Louisiana,United States,2020-03-24,1388,2.985721e-04,46,9.895039e-06
Louisiana,United States,2020-03-25,1795,3.861216e-04,65,1.398212e-05
Louisiana,United States,2020-03-26,2305,4.958275e-04,83,1.785409e-05
Louisiana,United States,2020-03-27,2746,5.906908e-04,119,2.559804e-05
Louisiana,United States,2020-03-28,3315,7.130882e-04,137,2.947001e-05
Louisiana,United States,2020-03-29,3540,7.614878e-04,151,3.248154e-05
Massachusetts,United States,2020-03-04,2,2.877904e-07,0,0.000000e+00
Massachusetts,United States,2020-03-05,2,2.877904e-07,0,0.000000e+00
Massachusetts,United States,2020-03-06,8,1.151161e-06,0,0.000000e+00
Massachusetts,United States,2020-03-07,13,1.870637e-06,0,0.000000e+00
Massachusetts,United States,2020-03-08,13,1.870637e-06,0,0.000000e+00
Massachusetts,United States,2020-03-09,41,5.899702e-06,0,0.000000e+00
Massachusetts,United States,2020-03-10,92,1.323836e-05,0,0.000000e+00
Massachusetts,United States,2020-03-11,92,1.323836e-05,0,0.000000e+00
Massachusetts,United States,2020-03-12,95,1.367004e-05,0,0.000000e+00
Massachusetts,United States,2020-03-13,123,1.769911e-05,0,0.000000e+00
Massachusetts,United States,2020-03-14,138,1.985754e-05,0,0.000000e+00
Massachusetts,United States,2020-03-15,138,1.985754e-05,0,0.000000e+00
Massachusetts,United States,2020-03-16,164,2.359881e-05,0,0.000000e+00
Massachusetts,United States,2020-03-17,218,3.136915e-05,0,0.000000e+00
Massachusetts,United States,2020-03-18,256,3.683717e-05,0,0.000000e+00
Massachusetts,United States,2020-03-19,328,4.719762e-05,0,0.000000e+00
Massachusetts,United States,2020-03-20,413,5.942871e-05,1,1.438952e-07
Massachusetts,United States,2020-03-21,525,7.554497e-05,1,1.438952e-07
Massachusetts,United States,2020-03-22,646,9.295629e-05,5,7.194759e-07
Massachusetts,United States,2020-03-23,777,1.118066e-04,9,1.295057e-06
Massachusetts,United States,2020-03-24,1159,1.667745e-04,11,1.582847e-06
Massachusetts,United States,2020-03-25,1838,2.644793e-04,15,2.158428e-06
Massachusetts,United States,2020-03-26,2417,3.477947e-04,25,3.597380e-06
Massachusetts,United States,2020-03-27,3240,4.662204e-04,35,5.036331e-06
Massachusetts,United States,2020-03-28,4257,6.125618e-04,44,6.331388e-06
Massachusetts,United States,2020-03-29,4955,7.130006e-04,48,6.906969e-06
Michigan,United States,2020-03-05,0,0.000000e+00,0,0.000000e+00
Michigan,United States,2020-03-06,0,0.000000e+00,0,0.000000e+00
Michigan,United States,2020-03-07,0,0.000000e+00,0,0.000000e+00
Michigan,United States,2020-03-08,0,0.000000e+00,0,0.000000e+00
Michigan,United States,2020-03-09,0,0.000000e+00,0,0.000000e+00
Michigan,United States,2020-03-10,0,0.000000e+00,0,0.000000e+00
Michigan,United States,2020-03-11,2,2.002632e-07,0,0.000000e+00
Michigan,United States,2020-03-12,2,2.002632e-07,0,0.000000e+00
Michigan,United States,2020-03-13,16,1.602106e-06,0,0.000000e+00
Michigan,United States,2020-03-14,25,2.503290e-06,0,0.000000e+00
Michigan,United States,2020-03-15,33,3.304343e-06,0,0.000000e+00
Michigan,United States,2020-03-16,53,5.306975e-06,0,0.000000e+00
Michigan,United States,2020-03-17,65,6.508554e-06,0,0.000000e+00
Michigan,United States,2020-03-18,80,8.010528e-06,0,0.000000e+00
Michigan,United States,2020-03-19,336,3.364422e-05,3,3.003948e-07
Michigan,United States,2020-03-20,549,5.497225e-05,3,3.003948e-07
Michigan,United States,2020-03-21,787,7.880357e-05,5,5.006580e-07
Michigan,United States,2020-03-22,1035,1.036362e-04,8,8.010528e-07
Michigan,United States,2020-03-23,1328,1.329748e-04,15,1.501974e-06
Michigan,United States,2020-03-24,1791,1.793357e-04,24,2.403158e-06
Michigan,United States,2020-03-25,2294,2.297019e-04,43,4.305659e-06
Michigan,United States,2020-03-26,2856,2.859759e-04,60,6.007896e-06
Michigan,United States,2020-03-27,3657,3.661813e-04,92,9.212107e-06
Michigan,United States,2020-03-28,3657,3.661813e-04,92,9.212107e-06
Michigan,United States,2020-03-29,5486,5.493220e-04,132,1.321737e-05
New Jersey,United States,2020-03-05,1,1.125848e-07,0,0.000000e+00
New Jersey,United States,2020-03-06,1,1.125848e-07,0,0.000000e+00
New Jersey,United States,2020-03-07,4,4.503394e-07,0,0.000000e+00
New Jersey,United States,2020-03-08,6,6.755091e-07,0,0.000000e+00
New Jersey,United States,2020-03-09,11,1.238433e-06,0,0.000000e+00
New Jersey,United States,2020-03-10,15,1.688773e-06,0,0.000000e+00
New Jersey,United States,2020-03-11,24,2.702036e-06,1,1.125848e-07
New Jersey,United States,2020-03-12,30,3.377545e-06,1,1.125848e-07
New Jersey,United States,2020-03-13,50,5.629242e-06,1,1.125848e-07
New Jersey,United States,2020-03-14,50,5.629242e-06,1,1.125848e-07
New Jersey,United States,2020-03-15,98,1.103331e-05,2,2.251697e-07
New Jersey,United States,2020-03-16,178,2.004010e-05,2,2.251697e-07
New Jersey,United States,2020-03-17,267,3.006015e-05,3,3.377545e-07
New Jersey,United States,2020-03-18,427,4.807373e-05,5,5.629242e-07
New Jersey,United States,2020-03-19,742,8.353796e-05,9,1.013264e-06
New Jersey,United States,2020-03-20,890,1.002005e-04,11,1.238433e-06
New Jersey,United States,2020-03-21,1327,1.494001e-04,16,1.801358e-06
New Jersey,United States,2020-03-22,1914,2.154874e-04,20,2.251697e-06
New Jersey,United States,2020-03-23,2844,3.201913e-04,27,3.039791e-06
New Jersey,United States,2020-03-24,3675,4.137493e-04,44,4.953733e-06
New Jersey,United States,2020-03-25,4402,4.955985e-04,62,6.980260e-06
New Jersey,United States,2020-03-26,6876,7.741334e-04,81,9.119373e-06
New Jersey,United States,2020-03-27,8825,9.935613e-04,108,1.215916e-05
New Jersey,United States,2020-03-28,11124,1.252394e-03,140,1.576188e-05
New Jersey,United States,2020-03-29,13386,1.507061e-03,161,1.812616e-05
New York,United States,2020-03-04,6,3.084268e-07,0,0.000000e+00
New York,United States,2020-03-05,22,1.130898e-06,0,0.000000e+00
New York,United States,2020-03-06,33,1.696348e-06,0,0.000000e+00
New York,United States,2020-03-07,76,3.906740e-06,0,0.000000e+00
New York,United States,2020-03-08,105,5.397469e-06,0,0.000000e+00
New York,United States,2020-03-09,142,7.299435e-06,0,0.000000e+00
New York,United States,2020-03-10,173,8.892973e-06,0,0.000000e+00
New York,United States,2020-03-11,216,1.110337e-05,0,0.000000e+00
New York,United States,2020-03-12,216,1.110337e-05,0,0.000000e+00
New York,United States,2020-03-13,421,2.164128e-05,0,0.000000e+00
New York,United States,2020-03-14,524,2.693594e-05,0,0.000000e+00
New York,United States,2020-03-15,729,3.747386e-05,3,1.542134e-07
New York,United States,2020-03-16,950,4.883425e-05,7,3.598313e-07
New York,United States,2020-03-17,1700,8.738760e-05,7,3.598313e-07
New York,United States,2020-03-18,2382,1.224454e-04,12,6.168536e-07
New York,United States,2020-03-19,4152,2.134314e-04,12,6.168536e-07
New York,United States,2020-03-20,7102,3.650745e-04,35,1.799156e-06
New York,United States,2020-03-21,10356,5.323447e-04,44,2.261797e-06
New York,United States,2020-03-22,15168,7.797030e-04,114,5.860110e-06
New York,United States,2020-03-23,20875,1.073068e-03,114,5.860110e-06
New York,United States,2020-03-24,25665,1.319296e-03,210,1.079494e-05
New York,United States,2020-03-25,30811,1.583823e-03,285,1.465027e-05
New York,United States,2020-03-26,37258,1.915228e-03,385,1.979072e-05
New York,United States,2020-03-27,44635,2.294439e-03,519,2.667892e-05
New York,United States,2020-03-28,52318,2.689379e-03,728,3.742245e-05
New York,United States,2020-03-29,59513,3.059234e-03,965,4.960531e-05
Pennsylvania,United States,2020-03-06,2,1.562257e-07,0,0.000000e+00
Pennsylvania,United States,2020-03-07,2,1.562257e-07,0,0.000000e+00
Pennsylvania,United States,2020-03-08,4,3.124514e-07,0,0.000000e+00
Pennsylvania,United States,2020-03-09,7,5.467900e-07,0,0.000000e+00
Pennsylvania,United States,2020-03-10,12,9.373543e-07,0,0.000000e+00
Pennsylvania,United States,2020-03-11,15,1.171693e-06,0,0.000000e+00
Pennsylvania,United States,2020-03-12,22,1.718483e-06,0,0.000000e+00
Pennsylvania,United States,2020-03-13,33,2.577724e-06,0,0.000000e+00
Pennsylvania,United States,2020-03-14,47,3.671305e-06,0,0.000000e+00
Pennsylvania,United States,2020-03-15,63,4.921110e-06,0,0.000000e+00
Pennsylvania,United States,2020-03-16,76,5.936578e-06,0,0.000000e+00
Pennsylvania,United States,2020-03-17,96,7.498835e-06,0,0.000000e+00
Pennsylvania,United States,2020-03-18,133,1.038901e-05,0,0.000000e+00
Pennsylvania,United States,2020-03-19,185,1.445088e-05,1,7.811286e-08
Pennsylvania,United States,2020-03-20,268,2.093425e-05,1,7.811286e-08
Pennsylvania,United States,2020-03-21,371,2.897987e-05,2,1.562257e-07
Pennsylvania,United States,2020-03-22,479,3.741606e-05,2,1.562257e-07
Pennsylvania,United States,2020-03-23,644,5.030468e-05,6,4.686772e-07
Pennsylvania,United States,2020-03-24,851,6.647405e-05,7,5.467900e-07
Pennsylvania,United States,2020-03-25,1127,8.803320e-05,11,8.592415e-07
Pennsylvania,United States,2020-03-26,1687,1.317764e-04,16,1.249806e-06
Pennsylvania,United States,2020-03-27,2218,1.732543e-04,22,1.718483e-06
Pennsylvania,United States,2020-03-28,2751,2.148885e-04,34,2.655837e-06
Pennsylvania,United States,2020-03-29,3394,2.651151e-04,38,2.968289e-06
Washington,United States,2020-03-04,39,5.121543e-06,0,0.000000e+00
Washington,United States,2020-03-05,70,9.192513e-06,0,0.000000e+00
Washington,United States,2020-03-06,79,1.037441e-05,0,0.000000e+00
Washington,United States,2020-03-07,102,1.339480e-05,0,0.000000e+00
Washington,United States,2020-03-08,102,1.339480e-05,0,0.000000e+00
Washington,United States,2020-03-09,136,1.785974e-05,0,0.000000e+00
Washington,United States,2020-03-10,162,2.127410e-05,0,0.000000e+00
Washington,United States,2020-03-11,267,3.506287e-05,24,3.151719e-06
Washington,United States,2020-03-12,337,4.425538e-05,29,3.808327e-06
Washington,United States,2020-03-13,457,6.001398e-05,31,4.070970e-06
Washington,United States,2020-03-14,568,7.459067e-05,37,4.858900e-06
Washington,United States,2020-03-15,642,8.430847e-05,40,5.252864e-06
Washington,United States,2020-03-16,769,1.009863e-04,42,5.515508e-06
Washington,United States,2020-03-17,904,1.187147e-04,48,6.303437e-06
Washington,United States,2020-03-18,1012,1.328975e-04,52,6.828724e-06
Washington,United States,2020-03-19,1187,1.558787e-04,66,8.667226e-06
Washington,United States,2020-03-20,1376,1.806985e-04,74,9.717799e-06
Washington,United States,2020-03-21,1524,2.001341e-04,83,1.089969e-05
Washington,United States,2020-03-22,1793,2.354596e-04,94,1.234423e-05
Washington,United States,2020-03-23,1996,2.621179e-04,95,1.247555e-05
Washington,United States,2020-03-24,2221,2.916653e-04,110,1.444538e-05
Washington,United States,2020-03-25,2469,3.242331e-04,123,1.615256e-05
Washington,United States,2020-03-26,2580,3.388098e-04,132,1.733445e-05
Washington,United States,2020-03-27,3207,4.211484e-04,147,1.930428e-05
Washington,United States,2020-03-28,3723,4.889103e-04,175,2.298128e-05
Washington,United States,2020-03-29,4310,5.659961e-04,189,2.481978e-05
,World,2020-01-22,555,7.138624e-08,17,2.186606e-09
,World,2020-01-23,654,8.412001e-08,18,2.315230e-09
,World,2020-01-24,941,1.210351e-07,26,3.344220e-09
,World,2020-01-25,1434,1.844466e-07,42,5.402202e-09
,World,2020-01-26,2118,2.724253e-07,56,7.202936e-09
,World,2020-01-27,2927,3.764821e-07,82,1.054716e-08
,World,2020-01-28,5578,7.174639e-07,131,1.684973e-08
,World,2020-01-29,6166,7.930948e-07,133,1.710697e-08
,World,2020-01-30,8234,1.059089e-06,171,2.199468e-08
,World,2020-01-31,9927,1.276849e-06,213,2.739688e-08
,World,2020-02-01,12038,1.548374e-06,259,3.331358e-08
,World,2020-02-02,16787,2.159209e-06,362,4.656184e-08
,World,2020-02-03,19881,2.557171e-06,426,5.479377e-08
,World,2020-02-04,23892,3.073081e-06,492,6.328294e-08
,World,2020-02-05,27635,3.554521e-06,564,7.254386e-08
,World,2020-02-06,30794,3.960843e-06,634,8.154753e-08
,World,2020-02-07,34391,4.423503e-06,719,9.248056e-08
,World,2020-02-08,37120,4.774518e-06,806,1.036708e-07
,World,2020-02-09,40150,5.164248e-06,906,1.165332e-07
,World,2020-02-10,42762,5.500214e-06,1013,1.302960e-07
,World,2020-02-11,44802,5.762606e-06,1113,1.431584e-07
,World,2020-02-12,45221,5.816500e-06,1118,1.438015e-07
,World,2020-02-13,60368,7.764765e-06,1371,1.763433e-07
,World,2020-02-14,66885,8.603007e-06,1523,1.958941e-07
,World,2020-02-15,69030,8.878905e-06,1666,2.142874e-07
,World,2020-02-16,71224,9.161106e-06,1770,2.276642e-07
,World,2020-02-17,73258,9.422727e-06,1868,2.402694e-07
,World,2020-02-18,75136,9.664283e-06,2007,2.581481e-07
,World,2020-02-19,75639,9.728981e-06,2122,2.729398e-07
,World,2020-02-20,76197,9.800753e-06,2247,2.890178e-07
,World,2020-02-21,76819,9.880757e-06,2251,2.895323e-07
,World,2020-02-22,78572,1.010623e-05,2458,3.161575e-07
,World,2020-02-23,78958,1.015588e-05,2469,3.175723e-07
,World,2020-02-24,79561,1.023344e-05,2629,3.381521e-07
,World,2020-02-25,80406,1.034213e-05,2708,3.483134e-07
,World,2020-02-26,81388,1.046844e-05,2770,3.562881e-07
,World,2020-02-27,82746,1.064311e-05,2814,3.619476e-07
,World,2020-02-28,84112,1.081881e-05,2872,3.694077e-07
,World,2020-02-29,86011,1.106307e-05,2941,3.782828e-07
,World,2020-03-01,88369,1.136636e-05,2996,3.853571e-07
,World,2020-03-02,90306,1.161551e-05,3085,3.968046e-07
,World,2020-03-03,92840,1.194144e-05,3160,4.064514e-07
,World,2020-03-04,95120,1.223470e-05,3254,4.185421e-07
,World,2020-03-05,97886,1.259048e-05,3348,4.306327e-07
,World,2020-03-06,101801,1.309404e-05,3460,4.450386e-07
,World,2020-03-07,105847,1.361445e-05,3558,4.576437e-07
,World,2020-03-08,109821,1.412560e-05,3802,4.890279e-07
,World,2020-03-09,113590,1.461038e-05,3988,5.129520e-07
,World,2020-03-10,118620,1.525736e-05,4262,5.481949e-07
,World,2020-03-11,125875,1.619053e-05,4615,5.935991e-07
,World,2020-03-12,128352,1.650913e-05,4720,6.071046e-07
,World,2020-03-13,145205,1.867683e-05,5404,6.950834e-07
,World,2020-03-14,156101,2.007831e-05,5819,7.484623e-07
,World,2020-03-15,167454,2.153858e-05,6440,8.283377e-07
,World,2020-03-16,181574,2.335475e-05,7126,9.165737e-07
,World,2020-03-17,197102,2.535202e-05,7905,1.016772e-06
,World,2020-03-18,214821,2.763111e-05,8733,1.123272e-06
,World,2020-03-19,242500,3.119129e-05,9867,1.269132e-06
,World,2020-03-20,272035,3.499019e-05,11299,1.453321e-06
,World,2020-03-21,304396,3.915259e-05,12973,1.668637e-06
,World,2020-03-22,336953,4.334020e-05,14651,1.884468e-06
,World,2020-03-23,378235,4.865005e-05,16505,2.122937e-06
,World,2020-03-24,418045,5.377056e-05,18625,2.395619e-06
,World,2020-03-25,467653,6.015134e-05,21181,2.724382e-06
,World,2020-03-26,529591,6.811804e-05,23970,3.083114e-06
,World,2020-03-27,593291,7.631138e-05,27198,3.498312e-06
,World,2020-03-28,660706,8.498256e-05,30652,3.942579e-06
,World,2020-03-29,720117,9.262423e-05,33925,4.363565e-06
